Comment,Designator,Footprint,LCSC Part #
100nF,"C1,C3,C6,C9,C14,C15,C16,C17,C19,C21,C22",C_0402_1005Metric,C1525
1uF,"C2,C4,C5,C10,C12,C20,C23,C24",C_0402_1005Metric,C52923
22uF,"C7,C8,C18",C_0805_2012Metric,C45783
10uF,"C11,C13,C25",C_0805_2012Metric,C15850
SK6812SIDE-A,D3,LED-SMD_4P-L4.0-W1.6-L,C5378721
1N4148W,D4,D_SOD-123,C81598
100mA,"F2,F3,F4",Fuse_0805_2012Metric,C20975
HC-USB3.0-L1845-BF,"J1,J2",USB-B-TH_9P-L18.5-W12.0,C7501849
HC-USB3.0-L168-WP,J3,USB-TH_USB3.0-A,C7501850
USB_C_Receptacle_USB2.0_16P,J4,USB_C_Receptacle_HRO_TYPE-C-31-M-12,C165948
HDMI-001,"J5,J6",HDMI-SMD_19P-P0.50-H-F,C138388
UART,J7,PinHeader_1x04_P2.54mm_Vertical,C32713270
GROVE_BTN,J8,CONN-SMD_4P-P2.00_ZX-HY2.0-4PWT,C7429571
GPIO,J9,PinHeader_2x08_P2.54mm_Vertical,C68234
5.1k,"R1,R2",R_0402_1005Metric,C25905
10k,"R3,R4,R6,R7,R8,R10,R22,R23,R24",R_0402_1005Metric,C25744
20k,R5,R_0402_1005Metric,C25765
15k,"R9,R11",R_0402_1005Metric,C25756
200k,"R12,R17",R_0402_1005Metric,C25764
4.7k,"R13,R14,R18,R19",R_0402_1005Metric,C25900
2k,"R15,R16,R20,R21",R_0402_1005Metric,C4109
100,"R25,R26,R27",R_0402_1005Metric,C25076
BOOT/RESET/SWITCH,"SW1,SW2,SW3",SW_Push_1P1T_XKB_TS-1187A,C571338
ESP32-S3-WROOM-1-N8R2,U1,ESP32-S3-WROOM-1,C2913204
HD3SS3212IRKSR,U2,DHVQFN-20_L4.5-W2.5-P0.50-BL-EP,C544517
TS3USB221ARSER,U3,UQFN-10_L2.0-W1.5-P0.50-BL,C128396
TPS2116DRL,U4,SOT-583-8,C3235557
AP2112K-3.3,U5,SOT-23-5,C51118
LM66100DCK,"U6,U7,U8,U21,U22",SOT-363_SC-70-6,C2869734
PCA9306DC,"U9,U10",VSSOP-8_2.3x2mm_P0.5mm,C33196
TPD4E05U06DQAR_C138714,"U11,U12,U13,U17,U18,U19",USON-10_L2.5-W1.0-P0.50-BL,C138714
USBLC6-2SC6,"U14,U15,U16",SOT-23-6,C7519
TPS2553DBVR,U20,SOT-23-6_L2.9-W1.6-P0.95-LS2.8-BR,C55266
