Designator,Mid X,Mid Y,Layer,Rotation
C1,21.840mm,-34.000mm,Top,0.0
C2,20.770mm,-36.170mm,Top,0.0
C3,27.600mm,-18.900mm,Top,0.0
C4,37.000mm,-44.750mm,Top,180.0
C5,41.900mm,-42.600mm,Top,90.0
C6,48.200mm,-46.400mm,Top,0.0
C7,19.990mm,-56.810mm,Top,0.0
C8,32.010mm,-56.810mm,Top,0.0
C9,16.300mm,-58.810mm,Top,0.0
C10,87.390mm,-14.160mm,Top,0.0
C11,90.340mm,-12.000mm,Top,0.0
C12,73.200mm,-48.900mm,Top,0.0
C13,70.610mm,-42.640mm,Top,0.0
C14,51.490mm,-62.890mm,Top,0.0
C15,56.400mm,-60.000mm,Top,0.0
C16,77.490mm,-62.890mm,Top,0.0
C17,82.400mm,-60.000mm,Top,0.0
C18,94.270mm,-28.450mm,Top,0.0
C19,103.640mm,-28.910mm,Top,0.0
C20,99.050mm,-27.000mm,Top,0.0
C21,99.300mm,-73.440mm,Top,0.0
C22,5.850mm,-30.000mm,Top,0.0
C23,51.000mm,-38.600mm,Top,90.0
C24,56.500mm,-38.600mm,Top,90.0
C25,56.500mm,-42.300mm,Top,180.0
D3,95.000mm,-73.440mm,Top,0.0
D4,93.930mm,-70.850mm,Top,0.0
F2,42.600mm,-55.300mm,Top,90.0
F3,68.600mm,-55.300mm,Top,90.0
F4,5.850mm,-45.500mm,Top,0.0
J1,17.000mm,-12.275mm,Top,180.0
J2,35.000mm,-12.275mm,Top,180.0
J3,26.000mm,-62.825mm,Top,0.0
J4,95.000mm,-3.775mm,Top,180.0
J5,49.000mm,-68.900mm,Top,0.0
J6,75.000mm,-68.900mm,Top,0.0
J7,77.810mm,-13.000mm,Top,0.0
J8,5.850mm,-37.500mm,Top,270.0
J9,60.890mm,-12.730mm,Top,0.0
R1,95.000mm,-9.020mm,Top,0.0
R2,97.990mm,-9.420mm,Top,0.0
R3,32.660mm,-34.000mm,Top,0.0
R4,19.340mm,-34.000mm,Top,0.0
R5,45.590mm,-47.380mm,Top,0.0
R6,44.500mm,-41.900mm,Top,0.0
R7,48.350mm,-44.750mm,Top,0.0
R8,99.050mm,-51.000mm,Top,0.0
R9,99.050mm,-29.000mm,Top,0.0
R10,103.450mm,-50.620mm,Top,0.0
R11,94.650mm,-50.620mm,Top,0.0
R12,52.500mm,-57.600mm,Top,0.0
R13,49.740mm,-57.240mm,Top,0.0
R14,55.260mm,-57.240mm,Top,0.0
R15,60.500mm,-68.900mm,Top,0.0
R16,37.500mm,-68.900mm,Top,0.0
R17,78.500mm,-57.600mm,Top,0.0
R18,75.740mm,-57.240mm,Top,0.0
R19,81.260mm,-57.240mm,Top,0.0
R20,86.500mm,-68.900mm,Top,0.0
R21,63.500mm,-68.900mm,Top,0.0
R22,99.050mm,-53.000mm,Top,0.0
R23,104.220mm,-52.470mm,Top,0.0
R24,93.880mm,-52.470mm,Top,0.0
R25,104.410mm,-27.070mm,Top,0.0
R26,12.850mm,-37.500mm,Top,0.0
R27,12.780mm,-40.370mm,Top,0.0
SW1,52.000mm,-22.000mm,Top,0.0
SW2,60.000mm,-22.000mm,Top,0.0
SW3,68.000mm,-22.000mm,Top,0.0
U1,95.425mm,-39.999mm,Top,270.0
U2,26.000mm,-34.000mm,Top,0.0
U3,26.000mm,-21.000mm,Top,270.0
U4,40.000mm,-45.000mm,Top,90.0
U5,72.032mm,-46.000mm,Top,270.0
U6,54.000mm,-40.000mm,Top,270.0
U7,59.000mm,-40.000mm,Top,270.0
U8,86.500mm,-12.000mm,Top,270.0
U9,52.500mm,-60.000mm,Top,180.0
U10,78.500mm,-60.000mm,Top,180.0
U11,24.750mm,-18.400mm,Top,180.0
U12,43.600mm,-13.370mm,Top,270.0
U13,28.300mm,-21.750mm,Top,270.0
U14,95.000mm,-13.500mm,Top,270.0
U15,46.500mm,-61.000mm,Top,270.0
U16,72.500mm,-61.000mm,Top,270.0
U17,17.000mm,-24.000mm,Top,0.0
U18,35.000mm,-24.000mm,Top,0.0
U19,26.000mm,-54.000mm,Top,0.0
U20,44.500mm,-44.750mm,Top,0.0
U21,42.600mm,-60.000mm,Top,0.0
U22,68.600mm,-60.000mm,Top,0.0
